{"cameraMode":{"drawMode":0,"name":"Shaded","section":"Shading Mode"},"sceneLighting":false,"audioPlay":false,"sceneViewState":{"m_AlwaysRefresh":false,"showFog":true,"showSkybox":false,"showFlares":true,"showImageEffects":true,"showParticleSystems":true,"showVisualEffectGraphs":true,"m_FxEnabled":true},"in2DMode":false,"pivot":{"x":2.3069980144500734,"y":2.6074202060699465,"z":-1.3008414506912232},"rotation":{"x":0.43747639656066897,"y":-0.14556047320365907,"z":0.07202968001365662,"w":0.8845383524894714},"size":0.32538673281669619,"orthographic":false}