{"cameraMode":{"drawMode":0,"name":"Shaded","section":"Shading Mode"},"sceneLighting":false,"audioPlay":false,"sceneViewState":{"m_AlwaysRefresh":false,"showFog":true,"showSkybox":false,"showFlares":true,"showImageEffects":true,"showParticleSystems":true,"showVisualEffectGraphs":true,"m_FxEnabled":true},"in2DMode":false,"pivot":{"x":0.12661594152450562,"y":1.2544947862625123,"z":0.10915207862854004},"rotation":{"x":-0.28574439883232119,"y":0.013511152938008309,"z":-0.004027049522846937,"w":-0.9582134485244751},"size":1.3313456773757935,"orthographic":false}